{
  "fecha_datos": "2025-11-03",
  "timestamp_proceso": "20251104_230532",
  "total_estaciones": 405,
  "estaciones_con_datos": 226,
  "columnas_lluvia": [
    "daily rain",
    "1-rain ant.rain",
    "2-rain ant.rain",
    "3-rain ant.rain",
    "15-rain ant.rain",
    "30-rain ant.rain"
  ],
  "estadisticas": {
    "daily rain": {
      "promedio": 5.832014814814815,
      "maximo": 251.0,
      "minimo": 0.0
    },
    "1-rain ant.rain": {
      "promedio": 1.2876172839506173,
      "maximo": 113.7,
      "minimo": 0.0
    },
    "2-rain ant.rain": {
      "promedio": 3.865261728395062,
      "maximo": 167.89999999999998,
      "minimo": 0.0
    },
    "3-rain ant.rain": {
      "promedio": 8.742525925925927,
      "maximo": 239.29999999999995,
      "minimo": 0.0
    },
    "15-rain ant.rain": {
      "promedio": 79.93241234567903,
      "maximo": 1589.6,
      "minimo": 0.0
    },
    "30-rain ant.rain": {
      "promedio": 177.18933580246917,
      "maximo": 3593.0,
      "minimo": 0.0
    }
  },
  "archivo_datos": "/app/data/output/lluvia/lluvia_procesada_latest.csv"
}