{
  "fecha_datos": "2025-10-07",
  "timestamp_proceso": "20251009_030137",
  "total_estaciones": 396,
  "estaciones_con_datos": 263,
  "columnas_lluvia": [
    "daily rain",
    "1-rain ant.rain",
    "2-rain ant.rain",
    "3-rain ant.rain",
    "15-rain ant.rain",
    "30-rain ant.rain"
  ],
  "estadisticas": {
    "daily rain": {
      "promedio": 4.01949494949495,
      "maximo": 115.89999999999999,
      "minimo": 0.0
    },
    "1-rain ant.rain": {
      "promedio": 5.5159797979797975,
      "maximo": 153.2,
      "minimo": 0.0
    },
    "2-rain ant.rain": {
      "promedio": 9.369858585858585,
      "maximo": 272.6,
      "minimo": 0.0
    },
    "3-rain ant.rain": {
      "promedio": 13.11180303030303,
      "maximo": 405.90000000000003,
      "minimo": 0.0
    },
    "15-rain ant.rain": {
      "promedio": 65.50883585858587,
      "maximo": 2486.2999999999997,
      "minimo": 0.0
    },
    "30-rain ant.rain": {
      "promedio": 120.91569191919193,
      "maximo": 6844.6,
      "minimo": 0.0
    }
  },
  "archivo_datos": "/app/data/output/lluvia/lluvia_procesada_latest.csv"
}